Redirect from,Redirect to
/products/z06-evolution-v2-buggy-1-14-4x4-tout-terrain-telecommande,/products/buggy-4x4-1-14-brushless-75-km-h-v2
/products/z06-evolution-buggy-1-14-4x4-tout-terrain-telecommande,/products/buggy-4x4-1-14-brushless-70-km-h
/products/voiture-telecommandee-sprint-4x4-1-16-85-km-h,/products/4x4-brushless-1-16-85-km-h
/products/voiture-telecommandee-climbing-4x4-off-road-robuste-30-km-h,/products/4x4-robuste-1-16-30-km-h
/products/voiture-telecommandee-cheetah-4x4-off-road-robuste-40-km-h,/products/4x4-robuste-1-16-40-km-h
/products/porsche-911-vintage-1-24-voiture-telecommandee-drift-et-piste-30-km-h-mini-car,/products/porsche-911-vintage-1-24-voiture-telecommandee-drift-et-piste-30-km-h
/products/porsche-911-gt2-1-24-voiture-telecommandee-drift-et-piste-30-km-h-mini-car,/products/porsche-911-gt2-1-24-voiture-telecommandee-drift-et-piste-30-km-h
/products/nissan-gt-r-r35-1-24-voiture-telecommandee-drift-et-piste-30-km-h-mini-car,/products/nissan-gt-r-r35-1-24-voiture-telecommandee-drift-et-piste-30-km-h
/products/drive-4x4-voiture-telecommandee-tout-terrain-70-km-h,/products/4x4-tout-terrain-brushless-70-km-h-rclab
/products/crawler-4x4-voiture-telecommandee-tout-terrain-pour-jeune-enfant-mini-car,/products/crawler-4x4-telecommande-tout-terrain-enfant
/products/conquer-4x4-1-16-voiture-telecommandee-tout-terrain-50-km-h,/products/4x4-tout-terrain-1-16-50-km-h
/products/buggy-4x4-tout-terrain-1-16-voiture-telecommandee-pour-enfant-25-km-h-mini-car,/products/buggy-4x4-tout-terrain-1-16-voiture-telecommandee-pour-enfant-25-km-h
/products/buggy-1-16-voiture-telecommandee-pour-enfant-25-km-h-mini-car,/products/buggy-1-16-voiture-telecommandee-pour-enfant-25-km-h